Email Address (Attendee's Email Address),,,,
taylor.smith@example.com,,,,
avery.brown@example.org,,,,
taylor.scott@example.edu,,,,
sage.hall@example.edu,,,,
alex.lee@example.org,,,,
avery.wright@institute.example,,,,
alex.scott@example.org,,,,
rowan.hall@example.org,,,,
drew.torres@example.com,,,,
alex.nguyen@university.example,,,,
robin.davis@example.org,,,,
riley.lopez@example.edu,,,,
sam.walker@example.edu,,,,
jesse.clark@institute.example,,,,
quinn.johnson@university.example,,,,
rowan.patel@university.example,,,,
sam.scott@example.com,,,,
finley.clark@institute.example,,,,
riley.lee@example.edu,,,,
avery.martin@example.edu,,,,
avery.patel@university.example,,,,
quinn.young@example.com,,,,
casey.clark@example.com,,,,
riley.davis@example.edu,,,,
finley.nguyen@institute.example,,,,
avery.nguyen@university.example,,,,
charlie.davis@institute.example,,,,
avery.lopez@example.edu,,,,
avery.johnson@example.com,,,,
charlie.davis@example.edu,,,,
riley.torres@example.com,,,,
riley.allen@university.example,,,,
drew.garcia@example.com,,,,
morgan.brown@institute.example,,,,
rowan.davis@institute.example,,,,
skyler.torres@university.example,,,,
jesse.brown@example.org,,,,
emerson.allen@example.edu,,,,
jordan.patel@example.org,,,,
casey.hall@institute.example,,,,
sam.walker@university.example,,,,
finley.young@institute.example,,,,
quinn.scott@example.edu,,,,
taylor.scott@example.com,,,,
robin.patel@example.com,,,,
skyler.nguyen@university.example,,,,
alex.davis@institute.example,,,,
casey.wright@example.edu,,,,
dana.wright@institute.example,,,,
riley.garcia@example.com,,,,
